,word_root,polarity
1,가격,0
2,가격 착,1.5
3,가격이 착,1.5
4,가까스로,0
5,가까이,1.5
6,가꾸러뜨리,-1.5
7,가꾸러트리,-1.5
8,가난,-3
9,가난뱅이,-3
10,가년,-3
11,가념하,-1.5
12,가누,-1.5
13,가능,3
14,가능성,3
15,가닐가닐,-1.5
16,가다듬,1.5
17,가당찮,-3
18,가두,-1.5
19,가드,-1.5
20,가뜬,1.5
21,가라앉,0
22,가라앉히,1.5
23,가래,-1.5
24,가량,-1.5
25,가련,-1.5
26,가렵,-1.5
27,가로,-1.5
28,가로막,-1.5
29,가르,-1.5
30,가르치,1.5
31,가르침,1.5
32,가리,-1.5
33,가마득,-1.5
34,가만있,-1.5
35,가망,-1.5
36,가벼,3
37,가벼운,1.5
38,가볍,-1.5
39,가분,1.5
40,가분가분,1.5
41,가뿐,1.5
42,가뿐가뿐,1.5
43,가쁘,-1.5
44,가살,-1.5
,가성비,1.5
41,가소롭,-1.5
42,가스,-1.5
43,가슴,0
44,가슴속,0
45,가슴앓이,-3
46,가습,-1.5
47,가엽,-1.5
48,가엾,-1.5
49,가운데,0
50,가위눌리,-1.5
51,가장,3
52,가증,-1.5
53,가지런,1.5
54,가짜,-3
55,가책,-1.5
56,가치,1.5
57,가탈,-1.5
58,가혹,-3
59,각근하,-1.5
61,각별,1.5
60,각별나,1.5
62,간드러지,3
63,간사,-1.5
64,간섭,-1.5
65,간신히,-1.5
66,간절,3
67,간지럽,-1.5
68,간직,1.5
69,간질,-1.5
70,간질간질,-1.5
71,간편,3
72,갈강병,-1.5
74,갈라지,-1.5
75,갈색,-1.5
76,갈증,-1.5
77,갈팡질팡,-1.5
78,갈피,-1.5
79,감각,-1.5
80,감각적,1.5
81,감감,-1.5
82,감개,3
83,감격,3
84,감격성,3
85,감격적,3
3722,감귤,0
86,감금,-3
87,감기,-1.5
88,감당,1.5
89,감동,3
90,감명,3
91,감모,1.5
92,감미롭,3
93,감병,-1.5
94,감복,3
95,감사,3
96,감싸,1.5
97,감옥,-1.5
98,감정,-1.5
3689,감질,-1.5
3707,감칠,3
99,감칠맛,3
100,감탄,3
101,감회,3
103,갑갑,-1.5
102,갑갑궁금하,-1.5
104,갑자기,-1.5
105,갑작스럽,-1.5
106,값지,3
107,강간죄,-3
108,강개,-3
109,강구,0
110,강도,-1.5
111,강렬,1.5
112,강박,-1.5
113,강세,1.5
114,강인,1.5
115,강제,-1.5
116,강제적,-3
117,강추,3
118,강탈,-3
119,강하,1.5
120,강화,1.5
121,갖추,1.5
122,같잖,-1.5
123,개가,-1.5
3634,개새끼,-3
124,개선,3
125,개성,1.5
126,개운,-1.5
127,개으름,-1.5
3633,개자식,-3
128,개짓하,-3
129,개회,0
130,갸륵,1.5
131,갸름,1.5
132,거꾸러뜨리,-1.5
133,거꾸로,-1.5
134,거두,-1.5
135,거드럭거드럭,-1.5
136,거드럭거리,-1.5
140,거들,3
137,거들먹거리,-1.5
138,거들먹대,-1.5
139,거들먹이,-1.5
141,거뜬,3
142,거래,-1.5
143,거룩,3
144,거리끼,-1.5
145,거리낌,1.5
146,거만,-3
147,거무스름,-1.5
148,거볍,-1.5
150,거부,-3
149,거부감,-3
151,거북,-3
152,거세,-1.5
153,거슬리,-1.5
154,거역,-1.5
155,거의,-1.5
156,거절,-3
157,거짓,-3
158,거짓말,-3
159,거추장스럽,-1.5
162,거치,-3
161,거치적,-1.5
160,거치적거리,-1.5
3712,거친,-1.5
163,거칠어지,-3
164,거침새,3
165,거침없이,1.5
166,걱정,-3
167,걱정거리,-1.5
168,건강,1.5
169,건달,-1.5
170,건둥건둥,1.5
171,건둥반둥하,-1.5
172,건드리,-1.5
173,건들거리,-1.5
174,건들건들,-1.5
175,건들대,-1.5
176,건망증,-1.5
178,건방,-3
177,건방지,-3
179,건성,-1.5
180,건장,3
181,건전,3
182,걸리,-1.5
183,걸리적대,-1.5
3726,걸쭉,1.5
184,걸핏하면,-1.5
185,검사,-1.5
186,검소,1.5
187,검질기,-1.5
188,겁나,-1.5
189,겁내,-1.5
190,겁쟁이,-3
191,겉면,0
192,겉모양,0
193,겉치레,-1.5
194,게걸,-3
195,게우,-1.5
196,게으르,-1.5
197,게으름,-1.5
198,게을러빠지,-3
199,게을러터지,-3
200,게을리,3
201,겐트,-1.5
202,겨를,-1.5
203,겨우겨우,-1.5
204,격노,-3
205,격동,0
206,격려,1.5
207,격분,-3
208,격식,1.5
209,격하,-3
210,견고,1.5
211,견디,-3
212,견디기,-3
213,견주,1.5
214,결기,-1.5
216,결단,-1.5
215,결단성,-1.5
217,결딴나,-3
218,결막염,-1.5
219,결석,-3
220,결심,-1.5
221,결점,-1.5
222,결정,-1.5
223,결핍,-3
224,결핍증,-3
225,결함,-1.5
226,결핵,-1.5
,결혼,1.5
227,겸손,1.5
228,겸연쩍,-1.5
229,경건,3
230,경련,-1.5
231,경망,-1.5
232,경멸,-3
233,경박,-1.5
234,경사,3
235,경상,-3
236,경솔,-1.5
3627,경악,-3
237,경이,3
238,경치,3
239,경쾌,3
240,경험,1.5
241,경황,-1.5
242,계급,3
243,계속,-1.5
244,고결,3
245,고귀,3
246,고급,3
247,고급지,3
248,고까워하,-1.5
249,고난,-3
250,고단,-3
251,고달프,-3
252,고도화,-3
253,고도화되,-3
3658,고독,-1.5
254,고되,-3
255,고르,3
256,고름,-1.5
257,고름집,-1.5
258,고리,-1.5
3680,고리타분,-1.5
260,고마움,3
261,고마워하,3
259,고맙,3
262,고백,3
263,고부라지,0
264,고분,3
265,고비,-1.5
266,고상,1.5
267,고생,-3
268,고성능,3
3698,고소,1.5
269,고약,-3
270,고열,-1.5
271,고요,1.5
272,고자질,-1.5
273,고작,-1.5
274,고장나,-1.5
275,고지혈증,-1.5
276,고질병,-1.5
277,고집,-1.5
278,고집스레,-1.5
280,고충,-3
279,고치,1.5
281,고타,-1.5
282,고통,-3
283,고품질,3
284,고한,-3
285,고함,-1.5
286,고혈압,-1.5
287,곤궁,-3
288,곤란,-1.5
3659,곤욕,-3
289,곤장,-1.5
290,곤혹,-3
291,곧잘,-1.5
292,곧장,1.5
293,골골,-3
294,골나,-3
295,골똘,0
296,골리,-3
3683,골치,-3
297,곯리,-1.5
298,곰살갑,-1.5
299,곰살궂,-1.5
300,곰팡내,-1.5
301,곰팡이,-3
302,곱살,3
303,곱실,-1.5
304,곱절,3
305,곱질,-1.5
306,공갈,-1.5
307,공개적,-3
308,공격,-3
309,공경,3
310,공공연히,-1.5
311,공교,-1.5
312,공기,3
313,공덕,3
314,공로,1.5
315,공범자,-1.5
316,공손,3
317,공손히,3
318,공연,-1.5
319,공연히,-1.5
320,공익,3
321,공적,0
322,공정,3
323,공평,1.5
324,공포,-3
3621,공포감,-3
325,공포증,-3
326,공허,-1.5
327,공황,-1.5
328,과거,0
329,과격,-1.5
330,과대,-1.5
331,과도,-1.5
332,과로,-1.5
333,과식,-1.5
334,과음,-3
3714,과일,1.5
335,과장,-3
336,과체중,-3
337,과하,-1.5
338,관계,-1.5
339,관계없,-1.5
340,관광,1.5
341,관능적,1.5
342,관람객,-1.5
343,관심,-1.5
345,관절,-1.5
344,관절염,-3
346,관철,-1.5
347,괄시,-3
348,광견병,-1.5
349,광명,3
350,괘씸,-1.5
351,괜찮,1.5
,괜찮은,1.5
352,괜하,-1.5
353,괜히,-1.5
355,괴로움,-3
356,괴로워하,-3
354,괴롭,-3
357,괴롭히,-3
358,괴멸,-3
359,괴물,-1.5
360,괴사,-3
361,괴상,-3
363,괴이,-3
362,괴이쩍,-1.5
364,굉장,3
365,교관,0
366,교도소,-1.5
367,교리,3
368,교만,-1.5
369,교모,-1.5
370,교묘,1.5
371,교묘히,-1.5
372,교양,1.5
373,교육적,1.5
374,교제,-1.5
375,교통,1.5
376,교화,1.5
377,교활,-1.5
378,교훈,1.5
379,구경,1.5
380,구김살,1.5
381,구두쇠,-1.5
382,구리,-1.5
383,구박,-1.5
384,구성지,1.5
385,구속,-1.5
386,구슬,-1.5
387,구슬프,-1.5
388,구슬피,-1.5
389,구역,-3
390,구역질,-3
391,구원,1.5
392,구제,1.5
393,구차,-3
394,구토,-1.5
395,국내,-1.5
396,군살,-1.5
397,군색,-1.5
398,군소리,1.5
399,굳세,3
400,굳어지,-1.5
401,굴복,-1.5
402,굴욕,-3
403,굴욕감,-3
404,굴욕적,-3
405,굶주리,-1.5
406,굼뜨,-1.5
407,굽신거리,-3
408,굽신굽신,-3
409,굽신대,-3
410,굽신하,-3
411,굽실,-3
412,굽실거리,-3
413,굽실대,-3
414,굽히,-3
415,궁상,-3
416,궁색,-3
417,궁핍,-3
418,궁하,-3
419,권리,-1.5
420,권세,0
421,권태,-1.5
422,권태감,-1.5
423,권태기,-1.5
424,궐기,1.5
425,귀머거리,-1.5
426,귀먹,-1.5
427,귀양,-3
429,귀여워하,3
431,귀염,3
430,귀염성,3
428,귀엽,3
432,귀요,3
433,귀중,3
434,귀중히,3
435,귀찮,-1.5
436,귀하,3
437,규모,1.5
438,규범,-1.5
439,규칙,-1.5
440,균형,-1.5
3635,그년,-1.5
3636,그놈,-1.5
441,그대로,-3
442,그러하,1.5
443,그런,-1.5
444,그럴듯하,-1.5
445,그럴싸하,1.5
446,그렇,1.5
447,그르,-1.5
448,그르치,-1.5
451,그릇,0
450,그릇되,-3
449,그릏,-3
453,그리움,1.5
454,그리웁,1.5
455,그리워지,1.5
456,그리워하,1.5
457,그린,3
452,그립,1.5
458,그만두,-1.5
459,그윽,1.5
460,극락,3
461,극복,1.5
462,극성맞,-1.5
463,극진,3
464,근거,-1.5
3819,근데,0
465,근본,1.5
466,근사,3
467,근심,-1.5
468,근지럽,-1.5
469,근질근질,-1.5
470,근하,3
471,금고,-1.5
472,금사,-1.5
473,금지,-3
474,급성,-3
475,급작스럽,-3
476,급하,-1.5
477,긍가하,3
478,긍정,1.5
479,긍정적,1.5
480,긍지,3
481,기가,-1.5
3628,기겁,-3
482,기관지염,-1.5
483,기능,-3
484,기다리,-1.5
485,기대,1.5
486,기대되,1.5
487,기둥,3
488,기량,-1.5
489,기력,-1.5
490,기르,-1.5
491,기름기,0
492,기름지,1.5
493,기리,1.5
494,기막히,1.5
495,기만,-3
496,기모,1.5
497,기미,3
498,기반,1.5
3815,기복,-1.5
499,기부,1.5
500,기분,-3
502,기뻐하,3
501,기쁘,3
503,기쁨,3
504,기상,3
505,기세,3
506,기억,-1.5
507,기예,1.5
508,기운,-3
509,기운차,3
510,기울어지,-1.5
511,기일,-1.5
512,기절,3
513,기죽,-3
514,기준,1.5
3684,기진맥진,-3
515,기침,-1.5
516,기침병,-1.5
517,기특,3
518,기품,3
519,기풍,1.5
520,기피,-1.5
521,기한,-1.5
522,기형,-1.5
523,기회,-1.5
524,기회주의,-1.5
3622,긴박,-1.5
525,긴장,-1.5
526,길미,1.5
527,길이,0
3711,깊은,1.5
528,깊이,0
529,까꾸러트리,-1.5
530,까다롭,-1.5
531,까마득,-3
532,까마아득,-3
533,까무러지,-3
534,까무러치,-1.5
535,까무스름하,-1.5
536,까불,-1.5
537,까칠,-1.5
538,까탈,-1.5
539,깍아내리,-1.5
540,깎아내리,-1.5
541,깐깐,-1.5
542,깐작깐작,-1.5
543,깐죽대,-1.5
544,깔깔,-1.5
545,깔끄럽,-1.5
546,깔끔,3
547,깔보,-1.5
548,깜짝,-1.5
549,깜찍,-3
550,깨갱,-1.5
552,깨끗,1.5
551,깨끗이,1.5
553,깨끗하,3
554,깨닫,1.5
555,깨달음,1.5
556,깨뜨리,-1.5
557,깨알,1.5
558,깨어지,-1.5
559,깨우치,1.5
3753,깨져,-3
560,깨지,-1.5
3739,깨진,-3
561,깨치,-1.5
562,깽깽대,-1.5
563,꺼꾸러트리,-1.5
564,꺼덕이,-1.5
565,꺼리,-3
566,꺼림칙,-3
568,꺼부러지,-1.5
567,꺼불,-1.5
569,꺼불거리,-1.5
570,꺼불대,-1.5
571,꺼칠,-1.5
572,꺾이,-1.5
573,껄끄럽,-1.5
574,껄렁껄렁하,-1.5
575,꼬락서니,-1.5
576,꼬물거리,-1.5
577,꼬이,-3
578,꼬집,-1.5
579,꼬집히,-1.5
3686,꼴불견,-3
580,꼴사납,-3
581,꼼꼼,1.5
582,꼿꼿,1.5
583,꽁알,-1.5
584,꽁하,-1.5
585,꽥꽥거리,-1.5
3730,꾸덕한,-1.5
587,꾸물거리,-1.5
588,꾸물꾸물,-1.5
586,꾸미,-1.5
589,꾸밈,1.5
590,꾸준,1.5
591,꾸준히,3
592,꾸중,-1.5
593,꾸지람,-1.5
594,꾸짖,-1.5
595,꿉신,-3
596,꿋꿋,1.5
597,끈기,1.5
3743,끈적,-1.5
598,끌리,1.5
599,끔찍,-3
600,끝나,-3
601,끝내,-3
602,끼깅,-1.5
603,끼치,-1.5
604,낑낑대,-1.5
605,나가자빠지,-3
606,나긋나긋,1.5
607,나라,3
608,나릿나릿,-1.5
609,나무라,-1.5
610,나무람,-1.5
611,나불거리,-1.5
612,나불나불,-1.5
613,나빠지,-3
614,나쁘,-3
615,나서,-1.5
616,나아가,1.5
617,나아지,1.5
618,나오,-1.5
619,나타나,-3
620,나태,-1.5
621,낙담,-3
622,낙망,-3
623,낙심,-3
624,난리나,1.5
625,난잡,-3
626,난처,-3
627,난폭,-3
628,난하,-3
3660,난해,-1.5
629,날뛰,1.5
630,날씨,0
631,날씬,1.5
632,날카롭,-1.5
633,남기,-1.5
634,남달리,1.5
635,남루,-1.5
636,남몰래,-1.5
637,남부끄러이,-1.5
638,남부끄럽,-1.5
639,남부럽,-1.5
640,남용,-1.5
3838,남자친구,1.5
641,납치,-3
642,낭만,1.5
643,낭비,-1.5
644,낭패,-3
645,낮잡,-3
646,낮추,-1.5
647,낯설,-1.5
648,내구성,3
649,내놓,1.5
650,내던지,-3
651,내려가,-1.5
652,내려오,-1.5
653,내리,-1.5
654,내밀,-1.5
655,내버리,-3
656,내부,-1.5
657,내색,1.5
658,내소외친하,-1.5
659,내송하,-1.5
660,내숭,-1.5
661,내용,0
663,내쫓,-3
662,내쫓기,-3
664,내키,-1.5
665,냉담,-1.5
666,냉랭,-3
668,너그러이,3
667,너그럽,3
669,너무,0
670,너무하,-3
671,너불거리,-1.5
672,너저분,-1.5
673,너절,-3
675,넉넉,3
674,넉넉잡,-1.5
676,넉살,1.5
677,넌더리,-3
678,넌덕,1.5
679,널리,1.5
680,넘기,1.5
681,넘어지,-1.5
682,넘치,-1.5
684,노략질,-3
683,노략질하,-3
685,노려보,-1.5
686,노력,1.5
687,노련,1.5
688,노름,-1.5
689,노름꾼,-1.5
690,노름판,-1.5
691,노리,-1.5
692,노숙자,-1.5
694,노여움,-3
3638,노여워하,-3
693,노엽,-3
695,노예,-3
696,노인,-1.5
697,노인정,-1.5
698,노하,-3
699,노후,-1.5
3737,녹아서,-1.5
700,녹이,-3
701,논리,-1.5
702,논리적,1.5
703,놀라,-1.5
704,놀랍,-3
705,놀리,-1.5
706,놀림,-1.5
707,놀림조,-3
708,놀아나,-1.5
709,농락,-3
710,농지,-3
711,높이,0
712,놓치,-1.5
713,뇌물,-1.5
714,뇌성,-1.5
715,뇌종양,-3
716,뇌진탕,-3
717,뇌출혈,-3
718,누그러지,1.5
719,누그럽거,1.5
3733,누락,-3
3806,누룩,1.5
720,누르,-1.5
721,누리,1.5
722,눈곱,-1.5
723,눈꼴,-3
724,눈꼴사납,-3
725,눈뜨,-1.5
726,눈매,1.5
727,눈물,-1.5
728,눈물겹,-3
729,눈빛,1.5
730,눈알,-3
731,눈앞,1.5
732,눈치,1.5
733,눌르,-3
734,눌리,-1.5
735,뉘우치,1.5
736,뉘우침,0
737,느개,-3
738,느글거리,-3
739,느글대,-3
740,느금,-3
741,느끼,1.5
742,느낌,1.5
3835,느렸,-1.5
743,느리,-1.5
3732,느린,-1.5
744,느릿느릿,-1.5
745,느물거리,-1.5
746,느즈러지,-1.5
747,늘씬,1.5
748,늘어나,-1.5
749,늙은이,-3
750,능글능글,-1.5
751,능글맞,1.5
752,능란,3
753,능력,1.5
754,능률,3
755,능수능란,3
756,능숙,3
757,능청,-1.5
758,능통,3
759,능하,3
760,능히,3
761,늦어지,-1.5
3637,니미,-3
762,다그치,-1.5
763,다급,-1.5
765,다독,1.5
764,다독거리,1.5
766,다듬,-1.5
767,다랍,-1.5
768,다루,-3
769,다리,-1.5
770,다부지,-1.5
771,다소,-3
772,다시,1.5
773,다양,1.5
774,다정,3
775,다채,1.5
776,다치,-1.5
777,다투,-3
778,다툼,-3
779,다하,1.5
780,다행,1.5
781,닥쳐오,-1.5
782,닦달,-3
,단골,1.5
783,단념,-1.5
784,단단,1.5
785,단단히,1.5
786,단련,1.5
3700,단맛,1.5
787,단번에,-1.5
788,단아,3
789,단작,-1.5
790,단정,3
791,단출,3
792,달갑,-1.5
3687,달갑잖,-1.5
793,달달,1.5
794,달뜨,1.5
795,달래,1.5
796,달성,1.5
797,달아나,-1.5
798,달콤,1.5
799,담력,1.5
3709,담백,1.5
800,답답,-1.5
801,당차,-1.5
802,당찮,-1.5
803,당하,-3
3629,당혹,-1.5
804,당황,-1.5
805,대가,1.5
806,대강,-1.5
807,대강대강,-1.5
808,대견,1.5
809,대구,-1.5
810,대꾸,-1.5
811,대단,-1.5
812,대단히,3
813,대담,1.5
814,대들,-3
815,대립,-1.5
,대박,3
,대비,3
816,대상,1.5
817,대수롭,-1.5
818,대열,1.5
819,대접,1.5
820,대중,-1.5
821,대책,-1.5
822,대충,-1.5
823,대충대충,-1.5
824,대하,1.5
825,더듬,0
826,더디,-1.5
827,더러운,-3
828,더러움,-3
830,더러워지,-3
829,더럽,-3
831,더럽히,-3
832,더부룩,-3
833,더없이,1.5
834,더욱,1.5
835,더위,-1.5
836,더하,1.5
837,덕망,1.5
838,덕행,3
839,덜렁거리,-1.5
840,덤벼들,-3
841,덤비,-3
842,덧나,-1.5
843,덩이,-3
844,데면데면,-1.5
845,도덕적,3
846,도도,0
847,도둑,-1.5
849,도둑질,-3
848,도둑질하,-3
850,도리,1.5
851,도리어,-1.5
852,도망,-1.5
853,도박,-3
854,도살,-1.5
855,도와주,1.5
856,도외시,-1.5
857,도움,1.5
858,도의심,-1.5
859,도적질,-1.5
860,도중,-3
861,독감,-1.5
862,독보적,1.5
863,독사,-3
864,독살,-3
865,독차지,-3
866,독창적,3
867,독특,1.5
868,돋보이,1.5
869,돋우,1.5
870,돌머리,-1.5
871,돌보,-1.5
872,돌아보,-1.5
873,동경,3
874,동기,1.5
875,동의,1.5
876,동작,-3
877,동통,-1.5
878,되바라지,-3
879,되찾,1.5
880,되풀이,-1.5
881,됨됨이,3
882,두근거리,1.5
883,두드러지,3
885,두려움,-3
886,두려워,-3
887,두려워하,-3
884,두렵,-3
888,두창,-3
889,두텁,1.5
890,두통,-3
891,둔하,-1.5
892,둔한,-1.5
893,뒤끓,-3
894,뒤떨어지,-3
895,뒤바뀌,-1.5
896,뒤섞,-1.5
897,뒤섞이,-1.5
898,뒤숭숭,-1.5
899,뒤얽히,-1.5
900,뒤엉키,-1.5
901,뒤지,-1.5
902,뒤척거리,-1.5
903,뒤틀리,-3
3247,뒤풀이,1.5
904,뒷거래,-1.5
905,드높,1.5
906,드러나,3
907,드문드문,-1.5
908,드세,-1.5
909,든든,3
910,든든히,3
911,듣보,-1.5
912,들끓,-3
913,들뜨,-1.5
914,들먹이,1.5
915,들볶,-1.5
916,들어맞,3
917,들어오,-1.5
918,들추,-3
919,듯이,1.5
920,등급,0
921,등뼈,-1.5
922,등지,-1.5
923,따갑,-1.5
926,따끔,-1.5
924,따끔거리,-1.5
925,따끔따끔,-1.5
927,따돌리,-3
928,따돌림,-3
930,따뜻,3
929,따뜻이,3
931,따르,-1.5
932,따름,1.5
933,따분,-1.5
934,따스,3
935,따위,-1.5
936,따지,-1.5
3842,딱,1.5
937,딱딱,-1.5
938,딱하,-1.5
939,딴전,-1.5
940,때리,-1.5
941,떠넘기,-1.5
942,떠들,-1.5
943,떠들썩,-1.5
944,떠벌리,-3
945,떨리,-1.5
946,떨어지,-1.5
947,떨어트리,-1.5
948,떳떳,1.5
3841,또,1.5
949,또는,1.5
950,또라이,-3
951,또랑또랑,3
954,또렷,1.5
952,또렷또렷,1.5
953,또렷이,1.5
955,또박또박,1.5
956,똑똑,3
957,똑바르,3
959,똘똘,3
958,똘똘하,-1.5
960,뚜렷,1.5
961,뚱뚱,-1.5
962,뛰어나,3
963,뛰어넘,1.5
964,뜨겁,0
967,뜨끔,-1.5
965,뜨끔거리,-1.5
966,뜨끔뜨끔,-1.5
968,뜨뜻,1.5
3630,뜨악,-1.5
969,뜻대로,-3
970,뜻밖,1.5
971,뜻하,-1.5
972,루머,-1.5
973,마구,-3
974,마땅,-1.5
975,마르,-1.5
976,마비,-1.5
977,마스터,3
978,마약,-1.5
982,마음,1.5
979,마음대로,0
980,마음속,1.5
981,마음씨,1.5
983,마이너스,-3
984,마주치,-1.5
985,마초,1.5
1873,마케팅,-1.5
986,막되,-3
987,막막,-3
988,막연,-3
989,막히,-3
990,만나,-1.5
991,만만,-1.5
3631,만만찮,-1.5
992,만성,-1.5
993,만족,3
994,만큼,3
3754,많은,1.5
995,많이,-1.5
996,말끔,3
997,말끔히,3
998,말다툼,-3
999,말대꾸,-3
1000,말대답,-3
1001,말똥말똥,1.5
1003,말라죽,-3
1004,말로,-1.5
1002,말르,-1.5
1005,말소리,-1.5
1006,말썽,-1.5
1007,말쑥,3
1008,말없이,-1.5
1009,말짱,3
1011,말하,1.5
1010,말하기,-1.5
1012,맑은,3
1013,맛깔,1.5
1014,맛없,-1.5
1015,맛있,3
1016,망상,-3
1017,망설이,-1.5
1018,망신,-3
1019,망실,-1.5
3661,망연,-3
3662,망연자실,-3
1020,망치,-3
1021,망하,-3
1022,맞갖,-3
1023,맞추,-3
1024,매끄럽,1.5
1026,매끈,1.5
1025,매끈둥대,1.5
1027,매독,-3
1028,매독균,-3
1029,매력,1.5
1030,매력적,3
1031,매료,1.5
1032,매몰차,-3
1033,매섭,-3
1034,매스껍,-3
1035,매슥매슥,-3
1036,매이,-1.5
1037,매질,-3
1038,맥박,-1.5
1039,맥없,-3
1040,맥없이,-3
1041,맵시,3
1042,맵짜,-1.5
1043,맹세,1.5
1044,맺히,-3
1045,머리,0
1049,머뭇,-1.5
1046,머뭇거리,-1.5
1047,머뭇대,-1.5
1048,머뭇머뭇,-1.5
1050,머저리,-3
3663,먹먹,-3
1051,먹음새,1.5
1052,먼지,-1.5
1053,멀겋,-1.5
1054,멀끔,3
1055,멀리하,-1.5
1056,멀쑥,1.5
1057,멀쩡,1.5
1058,멈칫하,-1.5
1059,멋들어지,3
1060,멋없,-3
1061,멋있,3
1062,멋쟁이,3
1063,멋지,3
1064,멋쩍,-1.5
1066,멍청,-3
1065,멍청이,-3
1067,메마르,-3
1068,메스껍,-3
1069,메슥메슥,-3
1070,면색여토하,-3
1071,면직,-1.5
1072,멸망,-3
1073,멸명되,-3
1074,멸시,-3
1075,멸시감,-3
1076,멸여되,-3
1077,멸여하,-3
1078,명랑,3
1079,명량,3
1080,명령,-1.5
1081,명망,-3
1082,명백,-1.5
1083,명복,1.5
1084,명성,3
1085,명예,3
1086,명쾌,3
1087,모두,1.5
1088,모략,-1.5
1089,모르,-1.5
3639,모멸감,-3
1090,모범,3
1091,모순,-1.5
1092,모시,-1.5
1093,모양,0
1094,모양새,-1.5
1096,모욕,-3
3640,모욕적,-3
1095,모이,-1.5
1098,모자,0
1097,모자라,0
1099,모자람,1.5
1100,모조리,0
1101,모질,-3
1102,모호,-1.5
1103,목구멍,0
3706,목넘김,1.5
1104,목소리,0
1105,목숨,-3
1106,목적,3
1107,몰래,-1.5
1108,몰아대,-1.5
1109,몰아붙이,-3
1110,몰아세우,-1.5
1111,몰아치,-3
1112,몰인정,-1.5
1113,몸가짐,3
1114,몸보신,1.5
1115,몸살,-1.5
1116,몸져눕,-3
1117,몸짱,1.5
1118,몹시,-3
1119,몹쓸,-3
1120,못나,-3
1121,못난이,-3
1122,못되,-3
1123,못마땅,-3
1124,못살,-3
1125,못생기,-3
1126,못하,-3
1127,몽땅,-3
1128,무가치,-1.5
1129,무겁,-3
1130,무게,0
1131,무관심,-1.5
1132,무관심하,-3
1133,무궁무진,1.5
1134,무기력,-3
1135,무너뜨리,-3
1136,무너지,-3
1138,무능,-1.5
1137,무능력,-1.5
1139,무단,-3
1140,무더위,0
1141,무디,-3
1142,무뚝뚝,-1.5
1143,무량,1.5
1144,무례,-3
1145,무료,1.5
1146,무르,-1.5
1147,무릎,0
1148,무리,-1.5
1149,무모,-1.5
1150,무분별,-3
1151,무사히,1.5
1153,무서움,-3
1154,무서워하,-3
1152,무섭,-3
1155,무시,0
3804,무아스파탐,1.5
1156,무안,-3
1157,무엇,-1.5
1158,무용,1.5
1159,무의미,-3
1160,무정,-3
1163,무지,1.5
1161,무지근,-1.5
1162,무지러지,-1.5
1165,무질서,-3
1164,무질서하,-3
1166,무책임,-3
1167,무책임하,-3
1168,무편,1.5
1169,무한,-1.5
1170,무해,3
1171,무형적,-1.5
1172,무효,-1.5
3713,묵직,1.5
1173,문드러지,-1.5
1174,문란,-3
1175,문맹,-1.5
1176,문제,-1.5
1177,문체,1.5
1178,문학,3
1179,물건,-1.5
1180,물러나,-1.5
1181,물러서,-1.5
1182,물리,-1.5
1183,물어뜯,-1.5
1184,물정,1.5
1185,물질,-1.5
1186,물질적,3
1187,물집,-1.5
1188,뭇사람,1.5
1189,뭐서워,-3
1190,므흣하,1.5
1191,미개,-1.5
1192,미끄럽,1.5
1193,미끈,1.5
1194,미덥,0
1195,미련,-3
1196,미루,-1.5
1197,미묘,1.5
1198,미세,1.5
1199,미소,3
1200,미숙,-1.5
1201,미안,-1.5
1202,미약,-1.5
1203,미움,-3
1204,미워하,-3
1205,미인,3
1206,미천,-3
1207,미치,-3
1208,미친개,-1.5
1209,미혹,-3
1210,믿음,1.5
1211,믿음성,3
1212,믿음직,3
1213,믿음직스럽,3
1214,밀려나,-1.5
1215,밀리,-1.5
1216,밉살스럽,-3
1217,밋밋,-1.5
3724,바나나,0
3723,바닐라,0
1218,바닥,0
1219,바라,0
1220,바라지,0
1221,바람,0
1222,바람직,3
1223,바래,-1.5
1224,바로잡,1.5
1225,바르,3
1226,바른,3
1227,바보,-3
,바보,0
1228,바쁘,-1.5
1229,바스러지,-1.5
1230,바이러스,-1.5
1231,바지,-1.5
1232,바짝,-1.5
1233,박복,0
3740,박살,-3
1234,박약,-1.5
1235,박탈,-3
1236,반갑,3
1237,반기,3
1238,반대,-3
1239,반드럽,3
1240,반드르르,3
1241,반들반들,1.5
1242,반듯,1.5
1243,반란,-3
1244,반반,-3
1245,반발,-3
1246,반성,1.5
3690,반신반의,0
1247,반신불수,-3
1248,반역,-3
1249,반지랍,-1.5
1250,반품,-1.5
1251,반하,1.5
1252,반항,-3
1253,받들,3
1254,받아들이,-3
1255,발기,-3
1256,발길질,-1.5
1257,발끈,-3
1258,발달,1.5
1260,발랄,3
1259,발르,1.5
1261,발열,-1.5
1262,발육,0
1263,발작,-3
1264,발전,1.5
3641,발칙,-1.5
3817,발효,1.5
1265,발휘,-1.5
1266,방긋,3
1267,방긋방긋,3
1268,방면,3
1269,방자,-1.5
1270,방정,-3
1271,방정맞,-3
1272,방치,-1.5
1273,방탕,-3
1274,방해,-3
1275,방향,-1.5
1276,배가,-1.5
1277,배반,-3
3837,배송 잘,1.5
1278,배신,-3
1279,배우,0
1280,배은망덕,-3
1281,배척,-3
1282,배탈,-3
1283,버겁,-3
1284,버그러지,-3
3642,버럭,-1.5
3643,버럭대,-1.5
1285,버려두,-3
1287,버릇,0
1288,버릇없,-3
1289,버릇없이,-3
1286,버리,-3
1290,버성기,-1.5
1291,버젓,3
1292,버티,-3
1293,버프,1.5
1294,벅차,0
1295,번거,-3
1296,번거롭,-3
1298,번듯,1.5
1297,번듯이,1.5
1299,번지르르,0
1300,번창,3
1301,번하,1.5
3811,벌꿀,1.5
1302,벌레,-1.5
1303,벌받,-3
1304,벌벌,-1.5
1305,범인,-3
1306,범죄,-3
1307,범죄자,-1.5
1308,범죄적,-3
1309,법률,-3
1310,법석이,-1.5
1311,벗어나,-1.5
1312,벙글거리,0
1313,벙긋,3
1314,벙벙,-1.5
1315,베풀,1.5
1316,벼르,-1.5
1317,벼슬,-3
1318,변덕,-1.5
1320,변변,-3
1319,변변찮,-3
1321,변비,0
1322,변비증,0
1323,변태,-1.5
1324,변함없이,1.5
1325,별스럽,-1.5
1326,별안간,-1.5
1327,병독,-3
1328,병들,-3
1329,병세,-3
1330,병신,-3
1331,병이,-3
1332,병적,-3
1333,병증,-3
1334,병치레,-1.5
1335,보답,1.5
1336,보드랍,1.5
1337,보란,1.5
1338,보람,1.5
1339,보로,-1.5
1340,보배,1.5
1341,보살,1.5
1342,보살피,1.5
1343,보송보송,1.5
1344,보수적,-1.5
1346,보잘것,-3
1345,보잘것없,-3
3809,보존제,1.5
1347,보채,-1.5
1348,보충,1.5
1349,보탬,1.5
1350,보통,1.5
1351,보호,1.5
1352,복리,3
1353,복원,-1.5
1354,복잡,-1.5
1355,복종,-1.5
1356,복통,-3
1357,볶아치,-1.5
1358,본받,3
1359,본심,-1.5
1360,볼쌍사납,-3
1361,볼썽사납,-3
1363,볼품,-3
1362,볼품없이,-3
1364,봄날,1.5
1365,봄철,1.5
1366,봉변,-3
1367,부귀,3
1368,부글거리,-1.5
1370,부끄러움,-1.5
1371,부끄러워지,-1.5
1372,부끄러워하,-1.5
1373,부끄러이,-1.5
1369,부끄럽,-1.5
1374,부담,-1.5
1375,부당,-3
1376,부도덕,-3
3696,부드,3
1377,부드럽,1.5
1378,부득기소하,-1.5
1379,부득부득,-1.5
1380,부딪치,-1.5
1381,부러뜨리,-1.5
1383,부러워하,1.5
1384,부러지,-3
1382,부럽,1.5
1385,부르르,0
1386,부리,-1.5
1387,부분,-1.5
1388,부산,-1.5
1389,부상,-3
1390,부서지,-1.5
1391,부스럼,-1.5
1392,부스스,-1.5
1393,부실,-1.5
1394,부심,-1.5
1395,부위,-3
1396,부인,-3
1397,부자,1.5
1398,부자연,-1.5
1399,부작용,-3
1401,부적,-1.5
1400,부적격,-3
1402,부정,-1.5
1403,부정어,-3
1404,부정적,-3
1405,부정직,-3
1407,부정확,-1.5
1406,부정확하,-1.5
1408,부조리,-3
1409,부조화,-3
1410,부족,-1.5
1411,부지런,3
1412,부지런히,3
1413,부진,-3
1414,부질없,-3
1415,부질없이,-3
1416,부처,1.5
1417,부추기,-1.5
1418,부패,-3
1419,북받치,1.5
1420,분간,-3
1421,분개,-3
1422,분격,-3
1423,분나,-3
1424,분노,-3
1425,분란,-1.5
1426,분명,-1.5
1427,분명히,-1.5
1428,분발,1.5
1429,분별,-1.5
1430,분수,-1.5
3734,분실,-3
1431,분열병,-1.5
1432,분위기,3
3736,분출,-1.5
1433,분탄하,-3
1434,분탕,-3
1435,분탕질,-3
1436,분통,-3
1437,분풀이,-3
1438,분하,-3
1439,분한,-3
1440,불건전,-3
1441,불결,-3
1442,불경기,-3
1443,불균형,-3
1444,불길,-3
1445,불끈,-3
1446,불량,-3
1447,불량배,-3
3718,불량식품,-1.5
1448,불량자,-3
1449,불량패,-1.5
1451,불리,-3
1450,불리하,-1.5
1452,불만,-3
1453,불만감,-3
1454,불만족,-3
1455,불만족하,-3
1456,불면,-1.5
1457,불면증,-3
1458,불명예,-3
1459,불법,-3
1460,불법적,-3
1461,불성실,-1.5
1462,불순물,-1.5
1463,불신,-3
1464,불쌍,-3
1465,불쌍히,-3
1466,불안,-3
1467,불안감,-3
1468,불안전,-3
1469,불안정,-3
1470,불안해하,-1.5
1471,불운,-1.5
3644,불유쾌하,-1.5
1472,불충분,-3
1473,불충분하,-3
1474,불치병,-3
1476,불쾌,-3
1475,불쾌감,-3
1477,불편,-3
1478,불편리,-3
1479,불평,-3
1480,불평등,-3
1481,불평조,-3
1482,불평판,-3
1483,불합격,-3
1484,불합리,-3
1485,불행,-1.5
1486,불협화음,-3
1487,불화,-3
1488,불황,-3
1489,불효,-3
1490,붉으락푸르락,-1.5
1491,붙임성,1.5
1492,비관적,-3
1493,비굴,-3
1494,비극,-3
1495,비꼬,-3
1496,비난,-3
1497,비뚤,-1.5
1498,비뚤어지,-1.5
1499,비련,-3
1500,비리,-3
1501,비만,-3
1502,비방,-1.5
1503,비속,-3
1504,비싸,-1.5
3795,비싸게,-1.5
3796,비싸고,-1.5
3799,비싸네,-1.5
3800,비싸다,-1.5
3797,비싸서,-1.5
3798,비싸요,-1.5
3758,비싸지 않,1.5
3803,비싼,-1.5
3801,비쌉,-1.5
1507,비아냥,-3
1505,비아냥거리,-3
1506,비아냥대,-3
1508,비열,-3
1509,비웃,-1.5
1510,비웃음,-1.5
1511,비위,-3
1512,비장,1.5
1514,비정,-1.5
1513,비정상,-1.5
1515,비좁,-1.5
1516,비중,1.5
1517,비참,-3
1518,비추,-3
1519,비추하,-1.5
1520,비탄,-3
1521,비통,-3
1522,비틀거리,-1.5
1523,비틀어지,-1.5
1524,비판,-1.5
1525,비평,-1.5
1526,비합리,-3
1527,비현,-3
1528,비효율,-3
1529,빈대,-3
1530,빈둥거리,-1.5
1531,빈둥빈둥,-1.5
1532,빈정거리,-3
1533,빈틈없,1.5
1534,빈혈,-1.5
1536,빌빌,-3
1535,빌빌대,-3
3645,빌어먹,-3
1538,빙긋,1.5
1537,빙긋거리,1.5
1539,빚지,-3
1540,빛깔,1.5
1541,빛나,1.5
1542,빠듯,-1.5
1543,빠뜨리,-1.5
1544,빠르,3
3731,빠른,1.5
1545,빠지직,-1.5
1546,빠트리,-1.5
1547,빡세,-3
1548,빤빤,-3
1549,빵꾸,-1.5
3746,빵빵,1.5
1550,빼돌리,-3
1551,빼앗,-3
1552,빼앗기,-3
1553,빼어나,3
1554,뻐근,-1.5
1555,뻑뻑,1.5
1556,뻑적지근,-1.5
1557,뻔뻔,-3
1558,뼈마디,-3
3664,뼈저리,-1.5
1559,뽀록,1.5
3727,뽀얀,1.5
1560,뽀얗,1.5
3738,뽁뽁이,1.5
1561,뽐내,1.5
1562,뽑히,-1.5
3646,뾰루퉁하,-1.5
1563,뿌듯,3
1564,삐딱,-3
1565,삐뚤거리,-3
1566,삐뚤대,-3
1567,삐뚤어지,-3
1568,삐죽대,-3
1569,삐죽삐죽,-3
1570,삐죽이,-3
3648,삐지,-3
3647,삐치,-3
1571,사건,0
1572,사고,0
1573,사교적,1.5
1574,사귀,1.5
1575,사납,-1.5
1576,사늘하,-1.5
1577,사라지,-1.5
1578,사람,1
1579,사람됨,3
1580,사랑,3
1581,사랑꾼,3
1582,사랑받,3
1583,사로잡,1.5
1584,사리,1.5
1585,사망,-3
1586,사멸,-3
1587,사모,3
1588,사무치,-3
1589,사물,1.5
1591,사뿐,1.5
1590,사뿐사뿐,1.5
1592,사사,-3
1593,사세,-3
1594,사실,3
1595,사심,1.5
1596,사악,-3
1597,사양,-1.5
1598,사이,-1.5
1600,사정,0
1599,사정없이,-1.5
1601,사치,-1.5
1602,사태,-1.5
1603,사형,-3
1604,사회,-3
1605,삭막,-3
1606,산뜻,3
1607,산후,-1.5
1608,살가죽,-1.5
1609,살갗,-1.5
1610,살그머니,1.5
1611,살리,1.5
1612,살림,3
1613,살모넬라,-1.5
3623,살벌,-3
1614,살빛,1.5
1615,살아가,3
1616,살아나,1.5
1617,살이,-1.5
1618,살인,-1.5
1619,살인자,-3
1620,살인죄,-3
1621,살짝,-1.5
1622,살펴보,-1.5
1623,살피,-1.5
1624,살해,-1.5
1625,삼연,0
1626,상긋,1.5
1627,상긋방긋,1.5
1628,상긋상긋,1.5
1629,상냥,3
1630,상당,1.5
1631,상당히,-1.5
1632,상대,-3
1633,상대편,-3
1634,상서,1.5
1635,상스럽,-3
1636,상습범,-3
1637,상승,1.5
1638,상승세,1.5
1639,상실,-1.5
1640,상심,-3
1641,상처,-3
1642,상쾌,3
1643,상큼,1.5
1644,상태,-3
1645,상하,-3
1646,상한,-3
1647,상향,1.5
1648,상혼,-3
1649,새로워지,1.5
1650,새롭,1.5
1651,새실대,1.5
3708,새콤,1.5
1652,새파랗,-1.5
1653,색감,1.5
1654,색다르,1.5
1655,샐그러뜨리,-1.5
1656,샐쭉,-1.5
1657,샐쭉거리,-1.5
1658,샘나,-1.5
1659,생각,-1.5
1660,생겨나,1.5
1661,생글생글,1.5
1662,생긋,1.5
1663,생긋방긋,1.5
1664,생기,-3
1665,생김새,1.5
1666,생동감,1.5
1667,생생,1.5
1668,생생히,1.5
1669,생활,1.5
1670,서글서글,3
1671,서글프,-3
1672,서늘,1.5
1673,서두르,-1.5
1675,서러움,-3
1676,서러워하,-3
1677,서러이,-3
1674,서럽,-3
1678,서로,-3
1679,서먹서먹,-1.5
1681,서운,-3
1680,서운감,-3
1682,서정적,1.5
1683,서투르,-1.5
1684,선득선득,-1.5
1685,선뜻,-3
1686,선량,1.5
1687,선명,1.5
,선물,1.5
1688,선선,1.5
1689,선업,1.5
1690,선전,1.5
1691,선진,1.5
1692,선천적,-1.5
1693,선하,3
1694,선행,3
1695,선호,3
1697,설렁,-1.5
1696,설렁거리,-1.5
1698,설렁설렁,-1.5
1699,설레,1.5
1700,설레발,-1.5
1701,설레이,1.5
1702,설사,-1.5
1703,설움,-3
1704,설치,-1.5
1705,섬뜩,-3
1706,섬뜩하,-3
1707,섬세,1.5
1708,섬약,-1.5
1710,섭섭,-1.5
1709,섭섭이,-3
1711,섭하,-1.5
1713,성가,-3
1712,성가시,-3
1714,성격,3
1715,성공,3
1716,성공적,3
1717,성과,1.5
1718,성교,1.5
1719,성글,3
1720,성글벙글,3
1721,성글성글,3
1722,성급,-1.5
1723,성기,-1.5
1724,성나,-3
1725,성내,-3
1726,성대,3
1727,성립,-3
1728,성미,-1.5
3790,성비,1.5
1729,성숙,1.5
1730,성실,-1.5
1731,성의,-3
1732,성장,1.5
1733,성적,1.5
1735,성질,-3
1734,성질나,-3
1736,성취,3
1737,성품,3
1738,성하,0
1739,세계,1.5
1740,세계적,1.5
1741,세력,-1.5
1742,세련,3
1743,세련되,3
1744,세련미,1.5
1745,세상,0
1746,세속,0
1747,세우,1.5
1748,세월,0
1749,세일,1.5
1750,세지,-1.5
1751,세차,-1.5
3620,섹시하,3
1752,소갈,-1.5
1753,소견,-1.5
1754,소고집,-1.5
1755,소극적,-1.5
1756,소담,3
1757,소동,0
1758,소득,1.5
1759,소란,-3
1760,소름,-3
1761,소리,3
1762,소망,1.5
1763,소문나,3
1764,소복,1.5
1765,소스라치,-3
1766,소외,-3
1767,소외감,-3
1769,소용,-1.5
1768,소용없,-3
1770,소원,1.5
1771,소음,-1.5
1772,소중,3
1773,소중히,3
1774,소질,1.5
1775,소탈,1.5
1776,소홀,-3
1777,소홀히,-3
1778,소화,0
1779,속되,-3
1780,속박,-3
1781,속병,-1.5
1782,속상하,-3
1783,속셈,-3
1784,속이,-1.5
1785,속임수,-3
1786,속절없,-1.5
1787,속절없이,-1.5
1788,속죄,1.5
1789,손가락,0
1790,손발,0
1791,손보,1.5
1792,손상,-3
1793,손실,-3
1794,손해,-3
1795,손해나,-3
1796,솔직,3
1797,솜씨,3
1798,솟아나,1.5
1799,송구,-3
1800,쇠약,-1.5
1801,쇠잔,-3
1802,쇠퇴,-3
1803,쇠하,-3
1804,수고,0
1805,수군,-1.5
1806,수긍,1.5
1807,수더분,0
1808,수두,-1.5
1809,수령,1.5
1810,수막염,-1.5
1811,수면,1.5
1812,수분,-1.5
1813,수상쩍,-1.5
1814,수선,-1.5
1815,수수,1.5
1816,수습,1.5
1817,수요,1.5
1818,수월,3
1819,수익,1.5
1820,수준,0
1821,수줍,0
1822,수줍음,0
1823,수척,-3
1824,수치,-3
1825,수행,1.5
1826,수혜,1.5
1827,수혜자,1.5
1828,숙련,1.5
3816,숙성,1.5
1829,순간적,0
1830,순결,3
1831,순박,1.5
1832,순서,1.5
1833,순수,1.5
1834,순수화,1.5
1835,순수화하,1.5
1836,순순히,1.5
1838,순정,1.5
1837,순정파,1.5
1839,순조,3
1840,순종,1.5
1841,순진,1.5
1842,순탄,1.5
1843,순하,1.5
3717,순한,1.5
1844,순환,-3
1845,술렁거리,-1.5
1846,숨결,-1.5
1848,숨기,1.5
1847,숨김없이,1.5
1849,숨소리,-3
1850,숨쉬기,-1.5
1851,숫기,-1.5
1852,숭상,3
1853,스러지,-1.5
1854,스산,-3
1857,스스럼,1.5
1856,스스럼없이,1.5
1855,스스럽,-1.5
1858,스스로,1.5
3741,스크래치,-1.5
1859,스트레스,-3
3742,스티로폼,0
1860,스포,-1.5
1861,슬그머니,-1.5
1862,슬기,3
1863,슬쩍,-1.5
1865,슬퍼지,-3
1866,슬퍼하,-3
1864,슬프,-3
1867,슬픔,-3
1868,슬피,-3
1869,슴벅거리,-1.5
1870,습성,-1.5
1871,습진,-1.5
1872,승낙,3
1874,시각적,1.5
1875,시간,0
1876,시그럽,-1.5
1877,시기,-1.5
1878,시끄럽,-3
1879,시끌시끌,-3
1880,시달리,-3
1881,시달림,-3
1882,시답,-1.5
1883,시대,-3
1884,시들,-3
1885,시들시들,-3
1886,시련,-1.5
1888,시름,-3
1887,시름시름,-3
1889,시망,-3
1890,시무룩,-3
1891,시묵룩,-3
1892,시발,-1.5
1893,시비,-3
1894,시새우,-3
1895,시샘,-3
1896,시선,1.5
1897,시시,-1.5
1898,시원,3
1899,시원스레,3
1900,시원시원,3
1901,시원찮,-3
1902,시일,-1.5
1903,시장,1.5
1904,시체,-3
1905,시치미,-1.5
1906,시큰거리,-1.5
1907,시큰둥,-1.5
3704,시큼,-1.5
3721,시트러스,0
1908,식견,1.5
1909,식량,-1.5
1910,식상,-1.5
1911,식욕,1.5
1912,식중독,-1.5
1913,신경,-3
1914,신경증,-1.5
1915,신경질,-1.5
1916,신기,1.5
1917,신나,3
1918,신령,1.5
1919,신뢰,1.5
3701,신맛,-1.5
1920,신명,3
1921,신묘,1.5
1922,신물,-1.5
1923,신바람,3
1924,신분,-1.5
3691,신비,1.5
1925,신선,1.5
1926,신성,1.5
1927,신이,3
1928,신중,1.5
1929,신중히,1.5
1930,신체,-3
1931,신통,1.5
3681,신통찮,-1.5
1932,실랑이,-1.5
1933,실력,1.5
1934,실망,-3
1935,실망감,-3
1936,실속,1.5
1937,실수,-1.5
1938,실심,-3
1939,실심하,-3
1940,실없,-3
1941,실없이,-3
1942,실용적,1.5
1944,실제,-1.5
1943,실제로,1.5
1945,실천적,1.5
1946,실패,-3
1947,실하,3
1948,실행,-1.5
1949,싫어하,-3
1950,싫이,-3
1951,싫증,-3
1952,심각,-3
3682,심드렁,-1.5
1953,심리적,-3
1954,심술,-3
1955,심술궂,-3
1956,심신,-1.5
1957,심심,-1.5
1958,심오,-3
1959,심장,-1.5
1960,심장병,-3
3649,심통,-1.5
1961,심하,-3
1962,심히,-3
3719,싱거운,-1.5
1963,싱겁,-1.5
1964,싱그럽,3
1965,싱글거리,3
1966,싱글대,3
1967,싱글벙글,3
1968,싱긋,1.5
1969,싱싱,3
3650,싸가지,-3
1970,싸근싸근,3
1971,싸글싸글,3
1972,싸늘,-1.5
1973,싸우,-3
1974,싸움,-1.5
1975,싹싹,3
3805,쌀,1.5
1977,쌀쌀,-1.5
1976,쌀쌀맞,-1.5
3716,쌉쌀,-1.5
3651,쌍년,-3
3652,쌍놈,-3
1978,쌓엿,-1.5
1979,쌓이,-3
1980,썩이,-3
1981,썰렁,-1.5
1982,쏘아붙이,-3
1983,쑤시,-1.5
1984,쑥스럽,-1.5
1985,쓰라리,-3
1986,쓰라림,-3
1987,쓰러뜨리,0
1988,쓰러지,-3
3829,쓰레기,-3
1989,쓰리,-3
3702,쓴맛,-1.5
3665,쓴웃음,-1.5
1990,쓸데없,-3
1991,쓸데없이,-3
1992,쓸모,1.5
1993,쓸모없,-1.5
1994,쓸쓸,-3
1995,쓸쓸히,-3
1996,씀벅,-1.5
1997,씁쓰레,-1.5
1998,씁쓰름,-1.5
3666,씁쓸,-1.5
1999,씁씁하,-1.5
2000,씩씩,1.5
3653,씹새끼,-3
2001,씹히,-1.5
2002,아기자기,1.5
2004,아까워하,-1.5
2003,아깝,-1.5
2005,아끼,1.5
2006,아낌없이,1.5
2007,아내,1.5
2008,아늑,1.5
2010,아니,-3
2009,아니꼽,-3
2011,아니하,-3
2012,아담,1.5
2013,아둔,-3
2014,아득,-1.5
2015,아랫배,-1.5
2016,아량,1.5
2017,아르,-1.5
2019,아름다움,3
2018,아름답,3
2020,아리,-3
2021,아리땁,3
3692,아리송,-1.5
2025,아무,0
2023,아무것,0
2024,아무렇,0
2022,아물,-3
2026,아물아물,-1.5
2028,아삭,1.5
2027,아삭아삭,1.5
3725,아세톤,-3
3703,아쉬,-3
2029,아쉬움,-1.5
2030,아쉬워하,-1.5
2031,아쉽,-1.5
2032,아슬아슬,-1.5
2033,아웃,-1.5
3747,아이스팩,1.5
2034,아주,1.5
2035,아찔,-1.5
2036,아첨,-1.5
2038,아파하,-3
2037,아프,-3
2039,아픔,-3
2040,악당,-1.5
2041,악독,-3
2042,악마,-3
2043,악명,-1.5
2044,악몽,-3
2045,악성,-3
2046,악순환,-3
2047,악업,-3
2048,악연,-3
2049,악의,-3
2050,악인연,-3
2051,악지,-1.5
2052,악취,-1.5
2053,악하,-3
2054,악한,-3
2055,악화,-3
3757,안 비싸,1.5
3802,안 비싸면,-1.5
2056,안구,1.5
2057,안달,-1.5
2058,안달복달,-1.5
2059,안도,1.5
2060,안도감,1.5
2061,안되,-1.5
2062,안락,1.5
2063,안목,1.5
2064,안색,-1.5
2065,안심,1.5
2066,안심감,1.5
2067,안쓰러워하,-1.5
2068,안쓰럽,-1.5
2069,안장,-1.5
2070,안전,3
2071,안절부절,-1.5
2072,안절부절못하,-1.5
2073,안정,1.5
2074,안정감,1.5
2075,안존,1.5
2076,안처하,1.5
2078,안타까워하,-3
2077,안타깝,-3
2079,알리,-1.5
2080,알맞,1.5
3694,알쏭달쏭,-1.5
3693,알쏭하,-1.5
2081,알아듣,-1.5
2082,알아차리,-1.5
2083,알알,-1.5
2084,알짝지근,-1.5
2085,알차,3
2086,암담,-1.5
2087,암상,-3
2088,압도,1.5
2089,압력,-1.5
2091,압박,-1.5
2090,압박감,-1.5
2092,압억되,-3
2093,앙갚음,-3
2094,앙칼지,-1.5
2095,앙큼,-1.5
2096,앞뒤,0
2097,앞서,1.5
2098,앞잡이,-1.5
2099,앞지르,1.5
2100,애교,1.5
2101,애달,-3
2102,애달프,-3
2103,애도,-3
2104,애석,-3
2105,애쓰,1.5
2106,애옥살림하,-1.5
2107,애절,-3
2108,애정,1.5
2109,애지석지하,3
2110,애지중지,3
2111,애착,1.5
2113,애처,-3
2112,애처가,0
2114,애처롭,-3
2115,애타,-1.5
2116,애타심,1.5
2117,애통,-3
2118,애틋,1.5
2119,야금야금,-1.5
2120,야단,-1.5
2121,야들야들,1.5
2122,야무지,3
2123,야물,1.5
2124,야박,-3
2125,야비,-3
2126,야살,-3
2127,야속,-3
2128,야위,-1.5
2129,야유,-3
2130,야풍,-3
2131,약간,0
2132,약삭빠르,1.5
2133,약속,1.5
2134,약이,-3
2135,약점,-3
2136,약탈,-3
2137,약하,-1.5
2138,약해,-1.5
2139,얄밉,-3
2140,얌전,1.5
2141,얌치,-1.5
2142,양기,0
2143,양득,1.5
2144,양보,1.5
2145,양심,0
2146,얕보,-1.5
2147,얕잡,-3
2148,어그러뜨리,-1.5
2149,어그러지,-1.5
2150,어긋나,-1.5
2151,어기,-1.5
2153,어두침침,-1.5
2154,어둑,-1.5
2152,어둡,-1.5
2155,어떤,-1.5
2157,어려움,-3
2158,어려워하,-3
2159,어렴풋,-1.5
2156,어렵,-3
2160,어른,1.5
2161,어름,-1.5
2163,어리,-1.5
2162,어리둥절,-1.5
2164,어리벙벙,-1.5
2165,어리벙벙하,-1.5
2166,어리빙빙,-1.5
2167,어리삥삥,-1.5
2168,어리석,-3
2169,어리숙하,-3
2170,어린아이,3
2171,어물어물,-1.5
2172,어색,-1.5
2173,어설프,-1.5
2174,어설피,-1.5
2176,어수,-1.5
2175,어수룩,-1.5
2177,어여,3
2178,어여쁘,3
,어울 ,3
2179,어울리,3
2180,어이,-1.5
2181,어정쩡,-1.5
2182,어줍,-3
2183,어줍잖,-3
2184,어중간,-1.5
2185,어지간,1.5
2186,어지간히,-3
2188,어지럼증,-1.5
2187,어지럽,-1.5
2189,어지르,-1.5
2190,어진,3
2191,어질,3
2192,어쭙잖,-3
2193,어찌하,-1.5
2194,어찔어찔,-1.5
2195,어처구니없,-1.5
2196,어처구니없이,-1.5
2197,어필,1.5
2198,억누르,-3
2199,억눌리,-3
2200,억세,-1.5
2201,억압,-3
2202,억울,-3
2203,억제,-1.5
2204,억지,-1.5
2205,억지감,-1.5
2206,억지로,-1.5
2207,억척,0
2208,언짢,-3
2209,언짢아하,-3
2210,언행,1.5
2211,얻어맞,-1.5
2213,얼굴,3
2212,얼굴빛,-1.5
2214,얼기설기,-1.5
2215,얼떨떨,-1.5
2216,얼렁뚱땅,-1.5
2217,얼룩덜룩,-1.5
2218,얼버무리,-1.5
2219,얼빠지,-1.5
2220,얼얼,-1.5
2221,얽매이,-1.5
2222,얽히,-1.5
2223,엄격,-1.5
2224,엄살,-1.5
3826,엄청,3
2225,엄친,3
2226,엄하,1.5
2227,업귀,-3
2228,업신여기,-3
2229,업적,1.5
2230,없애,-3
2231,없이,-1.5
2232,엉너리,-1.5
2233,엉뚱,-1.5
2234,엉성,-1.5
2235,엉큼,-1.5
2236,엉터리,-3
2237,엎어지,-1.5
3750,에어,1.5
3751,에어캡,1.5
3752,에어포켓,1.5
2238,엘리트,1.5
2239,여기,-3
2240,여리,-1.5
2241,여물,-1.5
2242,여병,-3
2243,여옥,3
2244,여위,-1.5
2245,여유,1.5
2246,여자,0
3839,여자친구,1.5
2247,역겹,-3
2248,역경,-1.5
2249,역사적,0
2250,역전,-1.5
2251,역정,-3
2252,역증,-3
2253,역투,1.5
2254,연민,-1.5
2255,연애,1.5
2256,연약,-1.5
2257,연줄,-1.5
2258,연하,1.5
2259,열광,3
2260,열렬,3
2261,열렬히,3
2262,열매,1.5
2263,열받,-3
2264,열병,-3
2266,열성,1.5
2265,열성병,-1.5
2267,열심히,1.5
2268,열없,-1.5
2269,열이,-1.5
2270,열정,1.5
2271,열중,1.5
2272,열증,-1.5
2273,염려,-3
2274,염증,-3
2275,염치,-1.5
2276,염탐,-1.5
2277,엿보,-1.5
2278,영감,1.5
2279,영광,3
2280,영롱,3
2281,영리,3
2282,영악,-1.5
2283,영양,1.5
2284,영양가,1.5
2285,영양분,1.5
2286,영양실조,-1.5
2287,영영,-1.5
2288,영예,1.5
2289,영웅,3
2290,영정,-3
2291,영특,3
2292,옆구리,-1.5
2293,예리,-1.5
2294,예민,-1.5
2295,예방,1.5
2296,예쁘,3
2297,예사,0
2298,예술적,1.5
2299,예의,1.5
2300,예절,-1.5
2301,오그라들,-1.5
2302,오답,-1.5
2303,오도,-3
2304,오래,0
2305,오래되,-1.5
2306,오랜,0
2307,오르,-1.5
2308,오붓,3
2309,오순도순,3
2310,오스스,-1.5
2311,오슬오슬,-1.5
2312,오싹,-1.5
2313,오싹거리,-1.5
2314,오싹오싹,-1.5
2315,오염,-1.5
2316,오용,-3
2317,오점,0
2318,오한,-1.5
2319,오해,-1.5
2320,옥신각신,-1.5
2321,온갖,-1.5
2322,온당,-3
2323,온도,1.5
2324,온몸,0
2325,온순,1.5
2326,온전,1.5
2327,온통,-1.5
2328,온화,3
2329,올곧,-1.5
2330,올바로,3
2331,올바르,3
2332,옳지,-3
2333,옹골차,1.5
2334,옹졸,-3
2335,와해,-3
2336,완벽,3
2337,완성,1.5
2338,완성품,1.5
2339,완전,3
2340,완전히,3
3668,왕따,-3
2341,왕성,1.5
2343,외로,-1.5
2344,외로이,-1.5
2342,외롭,-1.5
2345,외설,-1.5
3667,외톨이,-3
2346,요긴,1.5
2347,요란,-1.5
2348,요량,-1.5
2349,요령,1.5
2350,요리조리,-1.5
2351,요망,-3
2352,요사,-3
2353,요염,1.5
2354,욕구,1.5
2355,욕망,-3
2356,욕설,-3
2357,욕심,-1.5
2358,욕심껏,-1.5
2359,욕지기,-1.5
2360,욕하,-3
2361,용감,1.5
2362,용감히,3
2363,용기,1.5
2364,용납,-3
2365,용도,-1.5
2366,용렬,3
2367,용서,1.5
2368,용이,1.5
2369,용하,1.5
2370,우격다짐,-3
2371,우그러지,-1.5
2372,우기,-1.5
2373,우대,1.5
3654,우라지,-3
2374,우락,-1.5
2375,우렁우렁,1.5
2376,우렁차,1.5
2377,우려,-3
2378,우물거리,-1.5
2379,우물우물,-1.5
2380,우물쭈물,-1.5
2381,우수,3
2382,우스꽝스럽,-1.5
2383,우습,-1.5
2384,우아,3
2385,우악,-3
2386,우울,-3
2387,우울증,-3
2389,우월,3
2388,우월성,3
2390,우유부단,-1.5
2392,우중충,-3
2391,우중충하,-3
2393,우직,-1.5
2394,우쭐,1.5
2395,우쭐거리,1.5
2396,우쭐대,1.5
2397,우치,-1.5
2398,우호적,1.5
2399,운동,0
2400,운명,-3
2401,운치,-1.5
2402,울걱,-3
2403,울걱울걱,-3
2404,울꺽,-3
2405,울렁거리,-1.5
2406,울렁대,-1.5
2407,울리,0
2408,울보,-1.5
2409,울부짖,-3
2410,울분,-3
2411,울상,-3
2412,울음,-3
2413,울음소리,-3
2414,울컥,-3
2415,울화,-3
2416,움직이,-1.5
2417,움질대,-1.5
3632,움찔,-1.5
2418,움츠러들,-1.5
2419,움츠리,-1.5
2420,웃기,1.5
2421,웃어른,1.5
2422,웃음거리,-1.5
2423,웃음바다,1.5
2424,웅장,1.5
2425,원고,1.5
2426,원기,1.5
2427,원대,-1.5
2428,원동력,1.5
2429,원만,1.5
2430,원망,1.5
2431,원인,-1.5
2432,원통,1.5
2433,원하,-1.5
2434,원한,-3
2435,원활,3
2436,월등히,3
2437,웬만,1.5
3655,웬수,-3
2438,위급,-1.5
2439,위기,-1.5
2440,위대,3
2441,위반,-1.5
2442,위배,-1.5
2443,위법,-1.5
2444,위엄,3
2445,위장염,-3
2446,위조,-1.5
2447,위축,-1.5
2448,위축감,-1.5
2449,위태,-1.5
2450,위트,3
2451,위하,1.5
2452,위험,-3
2453,위협,-3
2454,위협적,-3
2455,윗사람,-1.5
2456,유감,-1.5
2457,유능,3
2458,유달리,1.5
2459,유들유들,-1.5
2460,유리,1.5
2461,유명,1.5
3810,유산균,1.5
2462,유용,3
2463,유익,3
2464,유죄,-3
2465,유지,0
2466,유창,3
2467,유치,-1.5
2469,유쾌,3
2468,유쾌감,3
3813,유통,0
3833,유통기한도 길어,1.5
3832,유통기한이 길어,1.5
2470,육중,-1.5
2471,윤기,1.5
2472,윤리적,1.5
2473,윤택,1.5
2475,융통,1.5
2474,융통성,1.5
2492,으르,-3
2476,으름장,-1.5
2477,으스스,-1.5
2478,으시시,-1.5
2479,으쓱,3
2480,으쓱거리,3
2481,으쓱으쓱,3
2482,으쓱이,3
3669,으앙,-1.5
2483,윽박,-3
2484,윽박지르,-3
2485,윽박질,-3
2486,윽박질하,-3
2487,윽윽,0
2488,은근히,1.5
3831,은은,1.5
2489,은총,3
2490,은혜,3
2491,을러대,-3
2493,음기,-3
2494,음란,-1.5
2495,음모,-3
2496,음미,1.5
2497,음산,-1.5
2498,음식,3
3670,음울,-1.5
2499,음침,-1.5
2500,음흉,-3
2501,응석,-1.5
2502,응어리지,-1.5
2503,응하,-1.5
2504,의가,3
2505,의기,1.5
2506,의기소침,-1.5
2507,의기양양,1.5
2508,의기저상하다,-1.5
2509,의도,-1.5
2510,의도적,-1.5
2511,의롭,3
2512,의사,-1.5
2513,의식,-3
2514,의심,-1.5
2515,의심나,-1.5
2516,의심쩍,-1.5
2517,의아,-1.5
2518,의아심,-1.5
2519,의욕,1.5
2520,의인,-3
2521,의젓,1.5
2522,의존성,-1.5
2523,의좋,1.5
2524,의지,3
2525,의합하,3
2526,의회,-1.5
2527,이간질,-1.5
2528,이기,1.5
2529,이기적,-3
2530,이끌리,1.5
2531,이득,3
2532,이듬해,3
2533,이러,-1.5
2534,이롭,3
2535,이루,1.5
2536,이루어지,1.5
2537,이룩,1.5
2538,이르,0
2539,이름,1.5
2541,이리,-1.5
2540,이리저리,-1.5
2542,이바지,1.5
2543,이벤트,1.5
2544,이별,-1.5
2545,이쁘,3
2546,이상,1.5
2547,이성적,3
2548,이야기,-1.5
2549,이용,1.5
2550,이이,-1.5
2551,이익,3
2552,이죽이죽,-3
2553,이쪽저쪽,3
2554,이치,3
2555,이타,3
2556,이해,-1.5
2557,이혼,-1.5
2558,익살,0
2559,익살극,0
2560,익살맞,0
2561,익숙,-1.5
2562,익히,-1.5
2564,인간,1.5
2563,인간애,1.5
2565,인격,-3
3808,인공감미료,1.5
2566,인기,1.5
2567,인덕,1.5
2568,인망,-3
2569,인물,0
2570,인사,1.5
2571,인상적,1.5
2572,인색,-1.5
2573,인심,1.5
2574,인연,1.5
2575,인재,1.5
2576,인정,1.5
2577,인정받,3
2578,인품,3
2579,일깨우,1.5
2580,일러바치,-1.5
2581,일류,-1.5
2582,일방적,-1.5
2584,일부,-1.5
2583,일부러,-1.5
2585,일솜씨,3
2586,일어나,-1.5
2587,일진,-1.5
2588,일찍,0
2589,일치,0
2590,일품,3
2591,일하,-1.5
2592,잃어버리,-1.5
2593,임신,0
2594,임질,-1.5
2595,입가,3
2596,입담,3
2597,입맛,0
2598,입속,1.5
2599,입이,0
2600,입히,-1.5
2601,잇따르,-1.5
2602,잇몸,-1.5
2603,잉여,-1.5
2604,자격,-1.5
2605,자괴,-3
2606,자괴감,-3
2607,자궁,0
2608,자긍,1.5
2609,자긍심,1.5
2610,자기,0
2611,자기편,0
2612,자꾸,-1.5
2613,자라,-1.5
2614,자랑,1.5
2615,자리,-1.5
2617,자릿,-1.5
2616,자릿자릿,-1.5
2618,자부,1.5
2619,자비,1.5
2620,자비심,1.5
2621,자빠지,-1.5
2622,자상,3
2623,자세,1.5
2624,자세히,1.5
2625,자송하,-1.5
2626,자신,1.5
2627,자신감,1.5
2628,자애,3
2629,자연,1.5
2630,자유,-1.5
2631,자제력,-1.5
2632,자주,1.5
2633,자증,-1.5
2634,자지,0
2635,자지러지,1.5
2636,자질,1.5
2637,자질구레,-1.5
2638,자책,-1.5
2639,자폐,-3
2641,자포,-1.5
2640,자포자기,-1.5
2642,자해,-3
2643,작고,3
2644,작품,1.5
2645,잔꾀,-1.5
2646,잔뜩,-1.5
2647,잔소리,-1.5
2648,잔인,-3
3830,잘,1.5
2649,잘나,-1.5
2650,잘되,3
2651,잘못,-3
2652,잘못되,-3
2653,잘못하,0
2654,잘생기,3
2655,잘하,3
2656,잡념,1.5
3656,잡놈,-3
2657,잡되,-3
2658,잡스럽,-3
2659,잡지,-1.5
2661,장난,-1.5
2660,장난삼,-1.5
2662,장애,-3
2663,장애물,-3
2664,장애인,-3
2665,장엄,3
2666,장점,3
2667,장하,3
2668,장학금,1.5
2669,재난,-3
2670,재능,1.5
2671,재물,-3
2672,재미,3
2673,재미없,-1.5
2674,재미있,3
2675,재밌,3
2676,재발,-1.5
2677,재산,-1.5
2678,재수,-1.5
2679,재앙,-3
2680,재주,1.5
2681,재질,0
2682,재촉,-1.5
2683,재치,1.5
2684,재해,1.5
2685,잴뚝,-1.5
2686,저급,-1.5
2687,저렴,1.5
2688,저리,-1.5
2689,저릿,-1.5
2690,저버리,-3
2691,저절로,-1.5
2692,저주,-3
2693,저지르,-1.5
2694,저하,-1.5
2695,적극,1.5
2696,적극적,1.5
2697,적당,1.5
2698,적당히,1.5
2699,적대적,-3
2700,적수,-3
2701,적용,-1.5
3755,적은,0
2702,적의,-1.5
3671,적적,-1.5
2703,적절,-3
2704,적절히,3
2705,적합,1.5
2706,적확,1.5
2707,전문가,1.5
2708,전문적,1.5
2709,전부,-1.5
2710,전성,1.5
2711,전염,-3
2712,전염병,-1.5
2713,전전긍긍,-3
2714,전혀,0
2715,절개,1.5
3672,절규,-3
2716,절도질,-3
2717,절망,-3
2718,절망적,-3
2719,절박,-1.5
2720,절실,0
2721,절절매,-1.5
2722,절친,3
2723,점잖,3
2724,점점,-1.5
2725,접대,1.5
2726,정결,1.5
2727,정겹,3
2728,정교,1.5
2729,정기,1.5
2730,정답,3
2731,정도,1.5
2732,정돈,1.5
3822,정말,3
2733,정밀,1.5
2734,정분,1.5
2735,정상,1.5
2737,정성,1.5
2736,정성껏,1.5
2738,정성스레,1.5
2739,정신,0
2740,정신병,-3
2741,정신없,0
2742,정신없이,0
2743,정신적,0
2744,정연,1.5
2745,정열,1.5
2746,정의,1.5
2747,정정당당,3
2748,정조,3
2749,정중,1.5
2750,정중히,1.5
2751,정직,-1.5
2752,정처,-1.5
2753,정치,1.5
2754,정하,1.5
2755,정해지,-1.5
2756,정확,1.5
2757,제격,-1.5
2758,제대로,1.5
2759,제때,1.5
2760,제맛,-1.5
2761,제멋대로,-1.5
2762,제법,3
2763,제일,3
2764,제정신,-1.5
3812,제조,0
2765,제치,-1.5
2766,제한,-1.5
2767,제힘,-1.5
2768,조건,1.5
2769,조걸위악하,-3
2770,조금,-1.5
2771,조금씩,-1.5
2772,조급,-1.5
2773,조롱,-1.5
2774,조르,-1.5
2775,조리,-3
2777,조마조마,-1.5
2776,조마조마하,-1.5
2778,조바심,-1.5
2779,조상,-3
2781,조심,1.5
2780,조심성,-1.5
2782,조여들,-1.5
2783,조용,1.5
2784,조용히,-1.5
2785,조잡,-1.5
2786,조직,-1.5
2787,조촐,-3
2788,조화,3
2789,족치,-3
2790,존경,1.5
2791,존귀,3
2792,존대,3
2793,존망,-1.5
2794,존멸,-1.5
2795,존멸하,-1.5
2796,존속,0
2797,존중,1.5
2798,졸도,-3
2799,졸아들,-1.5
2800,졸이,-1.5
2801,좀도둑,-1.5
2802,좀스럽,-3
2803,종기,-1.5
2804,종말,-1.5
2805,종알거리,-1.5
2806,종알종알,-1.5
2807,종이,-1.5
2808,종횡무진,0
2809,좆같,-3
2810,좆심,-1.5
,좋,1.5
3840,좋,0.5
2811,좋아,3
2812,좋아지,3
2813,좋아하,3
2814,좌욕,-3
2815,좌절,-3
2816,죄과,-3
2817,죄범,-3
3673,죄송,-3
2818,죄수,-3
2819,죄악,-3
2820,죄악감,-3
2821,죄악관영하,-3
2822,죄악사,-3
2823,죄악상,-3
2824,죄악시,-3
2825,죄악시되,-3
2826,죄악시하,-3
2827,죄어들,-1.5
2828,죄업,-3
2829,죄의식,-3
2830,죄이,-1.5
2831,죄인,-3
2832,죄짓,-3
3674,죄책감,-3
2833,주견,-1.5
2834,주눅,-1.5
2835,주로,-1.5
2836,주름,-1.5
2837,주무르,3
2838,주색,-1.5
2839,주의,-1.5
2840,주작,-1.5
2842,주저,0
2841,주저앉,1.5
2843,주저주저,-1.5
2844,주제넘,-1.5
2845,주책없,-3
2846,주책없이,-3
2847,주체,-3
2848,주춤,-1.5
2849,주춤거리,-1.5
2850,주춤대,-1.5
2851,주춤병,-1.5
2852,주춤주춤,-1.5
2853,죽기,-1.5
2855,죽음,-1.5
2854,죽이,3
3756,줄어든,-1.5
2856,줄어들,-1.5
2857,줏대,-3
2858,중간,-1.5
2859,중단,-1.5
2860,중대,1.5
2861,중독,0
2862,중병,-3
2863,중상,-3
2864,중생,1.5
2865,중심,-1.5
2866,중얼거리,-1.5
2867,중요,1.5
2868,중풍,-3
2869,중한,-3
2870,중히,3
2875,즐거,3
2873,즐거우,3
2872,즐거움,3
2874,즐거워하,3
2871,즐겁,3
2876,즐기,3
2877,증상,1.5
2878,증세,-3
2879,증오,-3
2880,증오감,-3
2881,증오심,-3
2882,지겨워하,-3
2883,지겹,-3
2884,지경,-1.5
2885,지극,3
2886,지긋지긋하,-1.5
2887,지껄이,-1.5
2888,지나치,-1.5
2889,지능,-1.5
2890,지독,-3
2891,지루,-1.5
2892,지르,-1.5
2893,지방,0
2894,지속,-1.5
2895,지식,1.5
2896,지옥,-3
2897,지위,-1.5
2898,지저분,-3
2899,지적,1.5
2900,지지,-1.5
2901,지치,-1.5
2902,지키,1.5
2903,지혜,3
2904,진국,3
2905,진귀,3
2906,진득,-1.5
2907,진리,1.5
2908,진물,-1.5
2909,진실,1.5
2910,진저리,-3
2911,진정,1.5
2912,진정하,1.5
2913,진중,-1.5
2914,진지,-1.5
2915,진집,-1.5
3821,진짜,3
2916,진취적,1.5
3720,진한,1.5
2917,진행,-1.5
2918,질겁,-1.5
2919,질기,0
2920,질리,-1.5
2921,질병,-3
2922,질색,-3
2923,질서,-3
2924,질식,-1.5
2925,질질,-1.5
2926,질투,-1.5
2927,질투심,-1.5
2928,질환,-3
2929,짐승,-1.5
2930,집도,-1.5
2932,집적,-3
2931,집적거리,-3
2933,집착,1.5
2934,짓궂,-3
2935,짓누르,-1.5
2936,짓무르,-1.5
2937,짓밟,-1.5
2938,징그럽,-1.5
2939,징얼거리,-1.5
2940,징얼징얼,-1.5
2943,징징,-1.5
2941,징징거리,-1.5
2942,징징대,-1.5
2944,짖궂,-3
2945,짜그라트리,-1.5
2946,짜르르,-1.5
2947,짜릿,1.5
2948,짜이,-1.5
2949,짜증,-3
2950,짜증나,-3
3675,짠하,-3
2951,짤뚜룩,-1.5
2952,짭짭,-1.5
3843,짱,1.5
2954,쩔쩔,-3
2953,쩔쩔매,-3
2955,쩝쩝,-3
2956,쪼들리,-1.5
2957,쭈그러들,-1.5
2958,쭈그러지,-1.5
2959,쭈그렁이,-1.5
2960,쭈글쭈글,-1.5
2961,찌그러지,-1.5
2962,찌그러트리,-1.5
2963,찌꺼기,-1.5
2964,찌들,-1.5
2965,찌르,-1.5
2966,찌푸리,-1.5
2967,찔찔,-1.5
3685,찜찜,-1.5
2968,찝쩍,-3
2969,찝찝,-3
2970,찡그리,-1.5
2971,찡찡,-1.5
2972,찡찡이,-1.5
3676,찡하,-3
2973,찢어지,-1.5
2974,차갑,-1.5
2975,차도,1.5
2976,차리,-1.5
2977,차마,-1.5
2978,차별,1.5
2979,차분,-1.5
2980,차지,-1.5
2981,착실,3
2982,착잡,-3
2983,착착,1.5
2984,착취,-1.5
2985,착하,3
3792,착한 가격,1.5
2986,찬란,3
2987,찬미,3
2988,찬사,1.5
2989,찬양,3
2990,찬찬,1.5
2991,찬칭하,3
2992,찬탄,3
2993,찬하,3
2994,참견,-1.5
2995,참고,1.5
2996,참다못하,-1.5
2998,참담,-1.5
2997,참답,3
2999,참되,3
3000,참신,1.5
3001,참으로,1.5
3002,참을성,-1.5
3003,참지,-1.5
3004,참형,-3
3005,참혹,-3
3006,참회,1.5
3007,창녀,-3
3008,창백,-1.5
3009,창의,1.5
3010,창조적,1.5
3011,창피,-3
3012,창황,-3
3013,채신,-3
3014,책망,-3
3015,책임,-1.5
3016,책임감,1.5
3017,책임지,1.5
3018,처량,-3
3019,처리,-1.5
3020,처벌,-3
3021,처연,-3
3677,처절,-3
3022,처지,-3
3023,처참,-3
3624,천만다행,1.5
3024,천박,-3
3025,천사,1.5
3026,천식,-1.5
,천연,1.5
3027,천진,1.5
3028,천천히,-1.5
3029,천하,-1.5
3030,천한,-1.5
3031,철없,-1.5
3032,철저,1.5
3033,철컹철컹,-1.5
3034,청결,3
3695,청량,1.5
3679,청승,-1.5
3678,청승맞,-1.5
3035,청정,1.5
3036,체면,-3
3037,체하,-1.5
3038,쳐들,-1.5
3039,쳐들어오,-1.5
3040,쳐부수,-1.5
3041,초라,-3
3042,초상,-3
3043,초월,1.5
3044,초조,-1.5
3045,촌스럽,-1.5
3046,촐랑거리,-1.5
3047,촐싹대,-1.5
3048,총명,3
3049,최고,3
3050,최고급,3
3051,최상,1.5
3052,최상급,3
3053,최악,-3
3827,최애,3
3054,최저,1.5
3055,최적,1.5
3056,최적화,1.5
3057,최적화하,1.5
3058,추궁,-1.5
3059,추근대,-3
3060,추악,-3
3061,추운,-1.5
3062,추위,-1.5
3063,추잡,-3
3064,추저분,-3
3065,추진,1.5
3066,추천,1.5
3067,추하,-3
3068,축내,-1.5
3069,축복,3
3070,축하,3
3071,출려,3
3072,출세,3
3073,출혈,-1.5
3074,충격,-1.5
3075,충동적,-1.5
3076,충분,1.5
3077,충분히,1.5
3078,충성,1.5
3079,충실,1.5
3080,충족,3
3081,충치,-1.5
3082,취약,-3
3083,취직,3
3084,취향,1.5
3085,측은,1.5
3086,치료,-1.5
3087,치매,-1.5
3088,치미,-1.5
3089,치밀,-1.5
3090,치사,-3
3091,치욕,-3
3657,치욕적,-3
3093,치우,1.5
3092,치우치,-1.5
3094,치적,-1.5
3095,치통,-1.5
3096,칙칙,-1.5
3097,친구,1.5
3098,친근,3
3099,친밀,3
3100,친숙,1.5
3101,친애,3
3102,친절,3
3103,친하,3
3104,친화,3
3105,칠칠,-1.5
3106,침울,-3
3107,침착,-1.5
3108,침체,-1.5
3109,침침,-1.5
3110,침해,-1.5
3111,칭미하,1.5
3112,칭송,3
3113,칭양하,3
3114,칭예하,3
3115,칭찬,3
3116,캄캄하,-1.5
3117,캐리,1.5
3118,컴컴,-1.5
3119,케미,1.5
3120,콜록콜록,-1.5
3121,쾌감,1.5
3625,쾌적,3
3122,쾌조,1.5
3123,쾌활,1.5
3124,쿨룩,-1.5
3125,쿨룽,-1.5
3710,퀘퀘,-3
3728,크리미,1.5
3126,클라,1.5
3127,타격,0
3128,타당,1.5
3129,타들,-1.5
3130,타협점,1.5
3131,탁월,3
3132,탁하,-3
3729,탁한,-1.5
3133,탄력,1.5
3134,탄복,3
3705,탄산,1.5
3135,탄식,-3
3136,탄탄,1.5
3137,탈영,-1.5
3138,탈음증,-1.5
3139,탈진,-1.5
3140,탐관,-1.5
3141,탐내,-1.5
3142,탐묵,-1.5
3143,탐묵하,-1.5
3144,탐스럽,3
3145,탐욕,-3
3146,탐탁,-3
3147,탐하,-1.5
3148,탓하,-1.5
3149,탕진,-1.5
3150,탕평,1.5
3151,태도,-1.5
3152,태업,-1.5
3153,태우,-1.5
3154,태평,1.5
3155,터무니없,-3
3156,터무니없이,-3
3157,텁텁,-1.5
3158,토끼,0
3159,토달거리,-1.5
3160,토라지,-1.5
3161,토역질하,-1.5
3162,토하,-1.5
3715,톡쏘는,1.5
3163,톨톨,-3
3164,통과,1.5
3165,통달,1.5
3166,통원,-1.5
3167,통증,-1.5
3168,통쾌,3
3169,통쾌감,1.5
3170,통탄,-3
3171,통하,1.5
3172,투덜거리,-1.5
3173,투덜대,-1.5
3174,투박,-1.5
3175,퉁명,-3
3176,퉁퉁,-1.5
3177,트렌디하,1.5
3178,트롤,-1.5
3179,트이,1.5
3180,트집,-1.5
3181,특권,3
3182,특별,1.5
3183,특별히,1.5
3184,특이,1.5
3185,특출,1.5
3186,튼튼,1.5
3187,튼튼히,1.5
3188,틀리,-1.5
3189,틀림,1.5
3190,틀어지,-1.5
3191,티격태격,-1.5
3192,파괴,-3
3735,파손,-3
3193,파울,-3
3194,파출하,-1.5
3196,판단,1.5
3195,판단력,0
3197,팔다리,0
3198,팔자,-3
3199,팔팔,-1.5
3200,패가망신,-1.5
3201,패배,-1.5
3745,패킹,0
3202,패하,-1.5
3203,팽개치,-1.5
3204,퍼지,1.5
3205,펄펄,-1.5
3206,페널티,-3
3207,펴지,-1.5
3208,편견,1.5
3209,편두통,-3
3210,편리,3
3211,편리성,3
3212,편안,3
3213,편안히,3
3214,편애,-1.5
3215,편하,-3
3216,편히,3
3217,평등,1.5
3218,평안,3
3219,평안히,3
3220,평온,3
3221,평탄,3
3222,평화,3
3223,폐가,-3
3224,폐결핵,-3
3225,폐렴,-3
3226,포괄적,1.5
3227,포근,1.5
3228,포기,-1.5
3229,포살,-1.5
3230,포악,-3
3744,포장,0
3231,폭군,-3
3232,폭력,-3
3233,폭력적,-1.5
3234,폭발적,1.5
3235,폭행,-1.5
3236,표리,-1.5
3237,표정,0
3238,표현,0
3240,푸근,1.5
3239,푸근푸근,1.5
3241,푸념,-3
3242,푸지,1.5
3243,푸짐,1.5
3244,풀기,-1.5
3245,풀리,1.5
3246,풀어지,-1.5
3248,품격,1.5
3249,품위,1.5
3250,품절,1.5
3251,품질,3
3252,품행,-3
3253,풍년,3
3254,풍모,1.5
3255,풍미,1.5
3256,풍부,1.5
3258,풍성,1.5
3257,풍성풍성,1.5
3259,풍요,1.5
3260,풍자,0
3261,풍채,3
3262,풍치,3
,프리미엄,3
3263,피고름,-1.5
3264,피곤,-1.5
3265,피난,-1.5
3266,피눈물,-3
3267,피로,-1.5
3268,피로감,-1.5
3269,피부병,-3
3270,피부염,-1.5
3271,피어나,-1.5
3272,피핍하,-1.5
3273,피하,0
3274,피해,-1.5
3275,핀잔,-3
3276,필수,1.5
3277,필요,-1.5
3278,핏기,-1.5
3279,ㅎㅎ,1.5
3280,하기,-1.5
3281,하나하나,-1.5
3282,하늘하늘,1.5
3283,하드,1.5
3284,하등,-1.5
3285,하릴없이,-1.5
3286,하소연,-3
3287,하잘것없,-1.5
3288,하찮,-3
3289,학대,-1.5
3290,학문,1.5
3291,학식,3
3292,한가,1.5
3293,한결같,1.5
3294,한결같이,1.5
3295,한계,-1.5
3296,한뜻,1.5
3297,한마디,-1.5
3298,한마음,1.5
3299,한숨,-1.5
3300,한숨짓,-1.5
3301,한스럽,-3
3302,한심,-1.5
3303,한이,-3
3304,한쪽,-1.5
3305,한창,1.5
3306,한탄,-3
3307,한평생,1.5
3308,할딱,-3
3309,할인,1.5
3310,함께,1.5
3626,함박,3
3311,함부로,-1.5
3312,함정,-1.5
3313,합격,1.5
3314,합당,1.5
3315,합리적,1.5
3316,항거,-1.5
3317,항문,-1.5
3318,항의,-1.5
3319,해결,1.5
3320,해고,-1.5
3688,해괴,-3
3321,해내,1.5
3323,해로,-3
3322,해롭,-3
3324,해롱대,-1.5
3325,해어지,-1.5
3326,해지,0
3327,해치,-3
3328,해학,1.5
3329,해학적,1.5
3330,햇볕,1.5
3331,햇빛,1.5
3332,행동,-3
3333,행방불명,-1.5
3334,행복,3
3335,행복감,3
3336,행사,-1.5
3337,행실,1.5
3338,행운,3
3339,행위,-3
3340,행패,-3
3341,행하,-3
3699,향긋,1.5
3342,향기,1.5
3343,향상,1.5
3344,허기,-1.5
3345,허덕이,-1.5
3347,허둥,-1.5
3346,허둥거리,-1.5
3348,허둥지둥,-1.5
3349,허락,-1.5
3350,허랑방탕,-3
3351,허름,-1.5
3352,허리,-1.5
3353,허망,-1.5
3356,허무,-1.5
3355,허무감,-1.5
3354,허물,-1.5
3357,허물없이,1.5
3358,허병,-1.5
3359,허비,-1.5
3360,허사,-1.5
3361,허섭,-1.5
3362,허세,-1.5
3363,허술,-1.5
3364,허실,1.5
3365,허약,-1.5
3366,허용,-3
3367,허전,-1.5
3368,허찮,-3
3369,허탕,-3
3370,허풍,-1.5
3371,허하,-1.5
3372,허황,-3
3373,헉헉대,-1.5
3374,헌데,-1.5
3375,헌식,3
3376,헌신적,3
3377,헐겁,-1.5
3378,헐떡,-1.5
3379,헐뜯,-3
3380,헐리,-1.5
3383,험상,-3
3381,험상궂,-3
3382,험상궃,-3
3384,험하,-1.5
3385,헛갈리,-1.5
3387,헛되,-3
3386,헛되이,-3
3388,헛디디,-1.5
3389,헛배,-1.5
3390,헛소리,-1.5
3391,헛헛,-1.5
3392,헝클어지,-1.5
3393,헤매,-1.5
3394,헤아리,-1.5
3395,헤어나,-1.5
3396,헤어지,-1.5
3397,헤프,-1.5
3398,헷갈리,-1.5
3399,혁신,3
3400,혁신적,1.5
3401,현기증,-1.5
3402,현명,1.5
3403,현숙,1.5
3404,현시,-1.5
3405,현실,1.5
3406,현저,-3
3407,혈압,-1.5
3408,혐오,-3
3409,혐오감,-3
3410,혐오증,-3
3411,협박,-3
3412,협박장,-1.5
3413,형벌,-3
3414,형세,-1.5
3416,형편,1.5
3415,형편없,-3
3417,혜택,1.5
3418,호감,3
3419,호감정,3
3420,호강,3
3421,호되,-1.5
3422,호들갑,1.5
3423,호의,3
3424,호의적,1.5
3425,호화,3
3426,호흡,-3
3427,혹하,0
3428,혼내,-3
3429,혼란,-3
3430,혼미,-1.5
3431,혼인,1.5
3432,혼자,0
3433,혼잣말,0
3434,혼쭐,-3
3435,홀가분,1.5
3436,홀로,-1.5
3437,홀리,-1.5
3438,화가,-3
3439,화기,-3
3440,화기애애,3
3441,화나,-3
3442,화내,-3
3443,화답,1.5
3444,화려,1.5
3445,화목,3
3446,화미,1.5
3447,화사,3
3448,화음,1.5
3449,화재,-3
3450,화창,3
3451,화풀이,-1.5
3452,화하,1.5
3453,화합,1.5
3454,화해,1.5
3455,확보,1.5
3456,확신,1.5
3457,확실,1.5
3458,환각,-1.5
3748,환경,1.5
3459,환상,1.5
3460,환상적,3
3461,환성,3
3462,환영,3
3463,환자,-1.5
3464,환하,3
3465,활기,3
3466,활달,3
3467,활동,1.5
3468,활력,1.5
3469,활발,3
3470,활짝,1.5
3471,황소,-1.5
3472,황송,3
3473,황천길,-1.5
3474,황폐화,-3
3475,황홀,3
3476,황홀감,3
3477,회개,1.5
3478,회복,1.5
3479,획기적,1.5
3480,효과적,1.5
3481,효도,3
3482,효력,-1.5
3807,효모,1.5
3483,효율적,1.5
3484,후련,1.5
3485,후하,1.5
3486,후회,-3
3487,훈훈,3
3488,훌륭,3
3489,훔치,-1.5
3490,훤칠,3
3491,훤하,1.5
3492,훨씬,1.5
3493,훼방,-1.5
3494,훼손,-3
3495,휘몰,-3
3496,휘우듬,-1.5
3497,휘청거리,-1.5
3498,휭하니,-1.5
3499,휴식,1.5
3500,휼륭,3
3501,흉괴하,-3
3502,흉년,-3
3503,흉몽,-3
3504,흉물,-3
3505,흉악,-3
3506,흉악망측하,-3
3507,흉악범,-3
3508,흉악성,-3
3509,흉측,-3
3510,흉터,-1.5
3511,흉포성,-3
3512,흉하,-3
3513,흐느끼,-1.5
3514,흐느낌,-3
3515,흐느적흐느적,-1.5
3516,흐들갑,-1.5
3518,흐름,3
3517,흐리,-1.5
3519,흐리멍덩,-1.5
3520,흐린,-3
3521,흐릿,1.5
3522,흐뭇,3
3523,흐지부지,-1.5
3525,흐트,1.5
3524,흐트러지,-1.5
3526,흑인,-1.5
3527,흑흑,-1.5
3528,흔들리,1.5
3529,흔모,3
3530,흔모하,3
3531,흔히,0
3532,흘겨보,-1.5
3533,흘리,-1.5
3534,흘흘,-1.5
3535,흙빛,-1.5
3536,흠모,3
3537,흠애하,3
3538,흠집,1.5
3539,흡수,-1.5
3540,흡족,3
3541,흥감,3
3542,흥겹,3
3543,흥글거리,-1.5
3544,흥글벙글,-3
3545,흥글흥글,-1.5
3546,흥뚱항뚱,-1.5
3547,흥미,1.5
3548,흥분,1.5
3549,흥청거리,-1.5
3550,흥청대,-1.5
3551,흥청망청,-1.5
3552,흥청벙청,-1.5
3553,흥청흥청,-1.5
3554,흥취,3
3555,흥하,3
3556,흥행,3
3557,흥행작,3
3558,흥행화하,3
3559,흩어지,1.5
3560,희떱,-1.5
3561,희락,3
3563,희롱,-1.5
3562,희롱질하,0
3564,희롱해롱,-1.5
3565,희룽거리,-1.5
3566,희룽대,-1.5
3567,희룽해롱,-1.5
3568,희룽희룽,-1.5
3569,희룽히룽,-1.5
3570,희말쑥하,1.5
3571,희망,1.5
3572,희망적,1.5
3573,희망차,1.5
3574,희멀끔,1.5
3575,희멀쑥,1.5
3576,희미,0
3577,희박,-1.5
3578,희희,1.5
3579,희희낙락거리,3
3580,희희덕,-1.5
3581,희희덕거리,0
3582,희희덕대,0
3583,희희덕희희덕,-1.5
3584,힁하,-1.5
3585,힁허케,0
3586,히들거리,0
3587,히들머들,-1.5
3588,히들히들,0
3589,히뜰머뜰,-1.5
3590,히스테리,-1.5
3591,히죽,1.5
3592,히죽거리,1.5
3593,히죽대,1.5
3594,히죽벌쭉,1.5
3595,히죽비죽,-1.5
3596,히죽이,1.5
3597,히죽해죽,1.5
3598,히죽히죽,1.5
3599,히쭉,1.5
3600,히쭉이,1.5
3601,히쭉해쭉,1.5
3603,히히,1.5
3602,히히거리,1.5
3604,힐난,-1.5
3605,힐난조,-1.5
3606,힘겹,-3
3607,힘들,-3
3608,힘들이,-3
3609,힘쓰,0
3610,힘없,-1.5
3611,힘없이,-1.5
3612,힘차,3
3749,힙한,1.5
